policy,max_requests,latency_budget_ms,f1,recall,precision,fpr,mean_requests,pct_escalated,latency_p95_ms
P1,1,1000.0,0.9367,0.9951,0.8849,0.149,0.0,0.0,0.0
P1,1,2000.0,0.9367,0.9951,0.8849,0.149,0.0,0.0,0.0
P1,1,4000.0,0.9367,0.9951,0.8849,0.149,0.0,0.0,0.0
P1,1,8000.0,0.9429,0.9951,0.8959,0.1331,0.0888,0.0888,681.1
P1,1,16000.0,0.9429,0.9951,0.8959,0.1331,0.0888,0.0888,681.1
P1,1,,0.9429,0.9951,0.8959,0.1331,0.0888,0.0888,681.1
P1,2,1000.0,0.9367,0.9951,0.8849,0.149,0.0,0.0,0.0
P1,2,2000.0,0.9367,0.9951,0.8849,0.149,0.0,0.0,0.0
P1,2,4000.0,0.9367,0.9951,0.8849,0.149,0.0,0.0,0.0
P1,2,8000.0,0.9429,0.9951,0.8959,0.1331,0.0888,0.0888,681.1
P1,2,16000.0,0.9455,0.9951,0.9007,0.1263,0.1698,0.0888,1522.2
P1,2,,0.9455,0.9951,0.9007,0.1263,0.1698,0.0888,1522.2
