scenario,policy,f1,recall,precision,fpr,mean_requests,acquisition_success_rate
baseline,B2,0.9455,0.9951,0.9007,0.1263,1.0418,0.7746
baseline,B3,0.9455,0.9951,0.9007,0.1263,0.1777,0.8214
baseline,P1,0.9455,0.9951,0.9007,0.1263,0.1698,0.8193
disable_dns,B2,0.9455,0.9951,0.9007,0.1263,1.0418,0.298
disable_dns,B3,0.9455,0.9951,0.9007,0.1263,0.1777,0.3393
disable_dns,P1,0.9455,0.9951,0.9007,0.1263,0.1698,0.3146
disable_rdap,B2,0.9455,0.9951,0.9007,0.1263,1.0418,0.4766
disable_rdap,B3,0.9455,0.9951,0.9007,0.1263,0.1777,0.4821
disable_rdap,P1,0.9455,0.9951,0.9007,0.1263,0.1698,0.5047
timeouts_dns_20pct,B2,0.9455,0.9951,0.9007,0.1263,1.0418,0.636
timeouts_dns_20pct,B3,0.9455,0.9951,0.9007,0.1263,0.1777,0.6994
timeouts_dns_20pct,P1,0.9455,0.9951,0.9007,0.1263,0.1698,0.6916
timeouts_dns_50pct,B2,0.9455,0.9951,0.9007,0.1263,1.0418,0.5117
timeouts_dns_50pct,B3,0.9455,0.9951,0.9007,0.1263,0.1777,0.5655
timeouts_dns_50pct,P1,0.9455,0.9951,0.9007,0.1263,0.1698,0.5514
timeouts_rdap_20pct,B2,0.9455,0.9951,0.9007,0.1263,1.0418,0.6954
timeouts_rdap_20pct,B3,0.9455,0.9951,0.9007,0.1263,0.1777,0.7738
timeouts_rdap_20pct,P1,0.9455,0.9951,0.9007,0.1263,0.1698,0.7788
timeouts_rdap_50pct,B2,0.9455,0.9951,0.9007,0.1263,1.0418,0.6188
timeouts_rdap_50pct,B3,0.9455,0.9951,0.9007,0.1263,0.1777,0.6905
timeouts_rdap_50pct,P1,0.9455,0.9951,0.9007,0.1263,0.1698,0.7072
